id,word
8,have
12,that
16,with
20,this
21,they
26,from
45,make
48,will
54,year
56,think
57,when
59,them
62,people
63,take
65,into
66,just
70,come
71,could
73,than
74,like
75,other
77,then
82,these
83,want
86,first
87,also
97,thing
98,give
99,many
102,those
103,tell
111,woman
114,life
115,child
120,after
121,should
125,school
130,last
135,three
138,never
139,become
140,between
142,really
145,another
147,family
156,keep
157,student
161,same
163,group
164,begin
166,country
171,problem
172,every
174,hand
179,about
180,against
182,over
184,again
187,most
189,company
191,system
192,each
198,during
199,work
203,small
204,number
206,always
207,move
210,live
212,point
213,believe
215,today
216,bring
217,happen
219,without
221,large
223,million
224,must
225,home
226,under
227,water
230,mother
231,area
233,money
235,young
236,fact
237,month
242,book
245,word
248,issue
252,head
255,long
256,both
258,house
263,provide
264,service
265,around
266,friend
271,until
272,power
274,game
275,often
277,line
280,among
281,ever
284,lose
285,however
286,member
291,city
292,almost
293,include
296,later
298,much
300,five
301,once
303,least
305,learn
308,team
309,minute
310,best
311,several
312,idea
314,body
316,nothing
320,social
323,back
324,watch
326,follow
328,parent
329,only
331,face
333,create
335,already
336,speak
337,others
340,allow
342,office
343,spend
344,door
345,health
346,person
349,such
351,history
352,party
353,within
354,grow
357,change
359,walk
360,reason
364,girl
367,food
368,before
369,moment
370,himself
372,teacher
375,enough
378,across
381,foot
382,second
384,maybe
385,toward
386,able
389,policy
391,love
393,music
396,appear
400,human
402,serve
405,send
406,expect
411,fall
413,nation
414,plan
416,college
420,someone
423,reach
424,local
427,remain
428,effect
430,yeah
431,suggest
432,class
435,care
436,perhaps
440,field
441,else
443,former
445,major
447,require
448,along
455,effort
457,decide
458,rate
459,strong
463,show
464,leader
466,voice
467,wife
469,police
471,finally
472,pull
476,price
477,report
481,explain
484,even
485,develop
488,carry
489,town
493,TRUE
494,federal
496,better
498,thank
499,receive
503,action
504,full
505,model
506,join
507,season
508,society
509,because
512,early
514,player
515,agree
518,pick
520,paper
521,special
522,space
523,ground
525,support
526,event
531,center
532,couple
535,project
539,star
540,table
543,produce
546,teach
548,half
555,street
556,image
557,itself
558,phone
560,data
562,quite
567,land
568,recent
570,product
571,doctor
572,wall
574,worker
575,news
576,test
577,movie
578,certain
579,north
582,open
584,simply
585,third
587,catch
589,baby
591,type
593,draw
594,film
596,tree
599,nearly
601,choose
602,cause
604,look
606,century
608,window
610,listen
612,culture
613,billion
614,chance
615,brother
616,energy
619,summer
620,less
621,realize
622,hundred
625,likely
627,term
628,short
629,letter
631,choice
633,single
637,south
638,husband
644,well
646,economy
647,medical
655,future
656,wrong
657,involve
658,defense
659,anyone
662,bank
663,myself
665,west
666,sport
668,seek
670,subject
671,officer
672,private
678,throw
680,quickly
682,goal
685,order
686,author
687,fill
690,foreign
693,blood
694,upon
695,agency
696,push
697,nature
702,reduce
705,fine
709,page
710,enter
711,share
713,common
714,poor
716,natural
719,series
721,similar
725,usually
728,rise
729,animal
730,factor
731,decade
732,article
734,east
735,save
736,seven
737,artist
740,stock
741,career
742,despite
743,central
745,thus
748,happy
749,exactly
750,protect
753,size
755,fund
756,serious
757,occur
758,media
759,ready
761,thought
762,list
764,simple
765,quality
767,accept
768,answer
769,hard
772,left
773,meeting
775,prepare
778,success
779,argue
782,amount
783,ability
784,staff
788,growth
789,loss
790,degree
791,wonder
793,herself
794,region
800,trade
801,deal
807,feeling
809,bill
810,message
811,fail
812,outside
813,arrive
816,name
819,lawyer
821,section
823,glass
825,skill
826,sister
832,stage
834,compare
836,miss
837,design
844,station
846,state
848,little
849,clearly
850,discuss
851,indeed
852,force
853,truth
854,song
855,example
860,dark
861,public
862,various
865,guess
868,study
869,prove
870,hang
871,entire
875,forget
877,claim
878,note
879,remove
880,manager
881,help
883,sound
884,enjoy
885,network
886,legal
888,cold
889,form
890,final
892,science
893,green
894,memory
895,card
896,above
897,seat
901,trial
902,expert
907,radio
908,visit
911,avoid
912,imagine
913,tonight
914,huge
921,theory
922,impact
923,respond
927,popular
929,onto
930,reveal
935,contain
938,control
941,apply
942,play
944,wide
948,manage
949,chair
950,fish
952,camera
955,perform
963,treat
964,trip
965,evening
966,affect
969,unit
980,edge
983,writer
997,instead
998,improve
999,stuff
1000,detail
1001,method
1005,hotel
1006,soldier
1007,reflect
1008,heavy
1012,heat
1016,sing
1017,surface
1018,purpose
1019,exist
1021,whom
1022,skin
1023,agent
1024,owner
1025,machine
1027,down
1028,ahead
1034,item
1035,reality
1037,step
1039,yard
1042,total
1043,tend
1046,finger
1047,garden
1048,notice
1050,modern
1051,task
1052,partner
1054,civil
1055,kitchen
1057,shot
1058,budget
1062,safe
1064,capital
1065,mouth
1067,victim
1070,threat
1072,smile
1074,score
1075,account
1079,rich
1080,dinner
1081,figure
1083,western
1084,relate
1085,travel
1087,prevent
1088,citizen
1093,admit
1095,assume
1099,mission
1103,suffer
1104,speech
1106,option
1109,fresh
1112,forest
1113,video
1114,global
1116,reform
1117,access
1119,judge
1120,publish
1121,cost
1124,release
1126,bird
1127,opinion
1130,corner
1132,recall
1133,version
1135,safety
1141,income
1143,hurt
1144,species
1146,track
1147,basic
1148,strike
1149,hope
1151,freedom
1154,nobody
1155,achieve
1158,labor
1159,refer
1160,concept
1161,client
1163,perfect
1164,nine
1166,conduct
1169,examine
1172,attend
1174,vote
1175,variety
1180,nuclear
1182,press
1184,spirit
1186,replace
1192,camp
1193,brain
1194,feature
1197,weekend
1198,dozen
1203,battle
1205,date
1208,very
1209,sorry
1210,crisis
1213,stick
1214,define
1215,easily
1218,element
1219,vision
1220,status
1221,normal
1225,stone
1226,slowly
1227,scale
1231,driver
1232,attempt
1233,park
1237,boat
1238,drink
1240,front
1244,truck
1245,return
1247,survey
1250,winter
1251,village
1253,refuse
1254,sales
1258,screen
1259,gain
1261,hide
1262,gold
1263,club
1265,farm
1268,middle
1273,shape
1274,reader
1279,express
1281,willing
1288,target
1289,prison
1292,terms
1293,demand
1295,deliver
1296,text
1298,tool
1299,wild
1300,vehicle
1301,observe
1302,flight
1307,emerge
1309,quick
1314,basis
1315,bright
1316,operate
1318,sample
1320,tiny
1323,settle
1324,feed
1325,collect
1328,highly
1330,title
1331,mostly
1334,river
1335,promote
1337,present
1339,unless
1340,marry
1343,path
1346,folk
1349,survive
1350,lift
1353,jump
1354,gather
1362,critic
1363,warm
1364,aspect
1365,result
1366,insist
1368,annual
1371,comment
1373,affair
1377,regular
1378,spread
1381,soft
1382,ignore
1384,measure
1385,belief
1387,anybody
1389,gift
1392,editor
1394,engage
1395,coffee
1398,cross
1400,anyway
1402,commit
1404,youth
1407,afraid
1408,quarter
1410,native
1411,broad
1413,deny
1417,twice
1420,growing
1423,kind
1428,charge
1431,view
1432,grade
1433,context
1436,mistake
1437,focus
1440,clothes
1442,quiet
1443,dress
1445,aware
1448,drive
1450,bone
1451,active
1452,extend
1453,chief
1455,combine
1457,below
1459,voter
1466,remind
1467,moral
1471,victory
1476,healthy
1482,tour
1483,depend
1484,photo
1485,finding
1486,grab
1490,justice
1492,daily
1495,famous
1497,knee
1499,tape
1504,fully
1507,actor
1512,eastern
1516,device
1518,next
1521,island
1524,studio
1525,train
1526,lady
1529,neck
1531,damage
1532,plastic
1533,tall
1534,plate
1535,hate
1537,writing
1540,start
1541,alive
1544,intend
1546,chicken
1547,army
1549,theater
1550,shut
1552,extra
1553,session
1554,danger
1555,welcome
1557,lots
1562,injury
1567,fuel
1568,leaf
1569,direct
1574,pool
1578,engine
1580,salt
1581,expand
1585,ticket
1589,strange
1591,reading
1592,urban
1593,mental
1595,lunch
1598,farmer
1600,sugar
1601,planet
1603,explore
1604,obtain
1607,complex
1609,athlete
1610,invite
1611,repeat
1616,panel
1617,meaning
1619,married
1620,alone
1622,predict
1629,pocket
1630,thin
1637,breath
1639,cover
1641,adopt
1645,connect
1646,works
1648,belong
1650,advice
1653,empty
1655,trail
1656,novel
1657,code
1658,somehow
1660,jury
1665,theme
1666,storm
1667,union
1668,record
1669,desk
1671,thanks
1672,fruit
1675,yellow
1677,prime
1678,shadow
1681,analyst
1682,dance
1683,limit
1686,being
1689,largely
1690,shift
1691,revenue
1693,locate
1694,county
1696,package
1698,bridge
1700,obvious
1705,anymore
1706,propose
1709,trend
1710,visitor
1718,crew
1719,deep
1722,meal
1723,hearing
1724,traffic
1726,notion
1727,capture
1728,prefer
1729,truly
1730,earth
1732,chest
1733,search
1734,thick
1735,cash
1736,museum
1737,beauty
1739,unique
1745,content
1746,select
1749,declare
1752,actual
1753,bottle
1754,hardly
1755,setting
1756,launch
1760,outcome
1762,defend
1765,duty
1766,sheet
1767,ought
1768,ensure
1771,extent
1777,zone
1778,wake
1780,airport
1782,brown
1784,shirt
1785,pilot
1792,estate
1795,snow
1799,pursue
1800,slip
1803,funny
1804,neither
1805,soil
1807,surgery
1808,correct
1810,blame
1814,late
1815,golf
1817,crazy
1819,chain
1820,address
1821,branch
1826,relief
1827,user
1829,kick
1832,ancient
1833,silence
1834,rating
1835,golden
1836,motion
1838,gender
1839,solve
1842,used
1843,bowl
1844,equal
1848,frame
1849,typical
1850,except
1853,host
1856,ocean
1860,afford
1862,regime
1864,confirm
1866,appeal
1867,mirror
1868,tooth
1869,smart
1870,length
1872,rely
1873,topic
1878,range
1881,attract
1883,bedroom
1884,secret
1885,debt
1886,rare
1888,tank
1889,nurse
1892,aside
1894,bond
1897,master
1901,stand
1904,wing
1907,clear
1911,pour
1912,stir
1914,clean
1925,totally
1926,hero
1928,cloud
1930,winner
1931,volume
1936,fashion
1937,pepper
1939,busy
1949,gray
1950,dish
1954,opening
1955,overall
1956,divide
1957,initial
1959,oppose
1965,league
1967,careful
1969,upper
1970,rush
1973,tired
1976,employ
1977,holiday
1979,vast
1982,fewer
1984,apart
1987,barely
1988,sector
1991,beneath
1992,beside
1995,limited
1996,proud
1998,faculty
2001,merely
2008,tone
2010,massive
2013,female
2014,decline
2015,invest
2016,promise
2017,cable
2018,towards
2019,expose
2020,rural
2023,narrow
2024,cream
2027,solid
2028,hill
2030,noise
2031,grass
2035,succeed
2036,either
2039,fishing
2041,accuse
2043,useful
2047,talent
2050,milk
2051,escape
2054,unusual
2055,closely
2057,height
2059,assess
2060,sleep
2061,plenty
2062,ride
2066,sharp
2068,lower
2069,behind
2070,approve
2074,campus
2075,proper
2077,guilty
2078,living
2079,acquire
2080,compete
2082,plus
2091,column
2093,signal
2096,honor
2099,forever
2101,regard
2104,twenty
2109,offer
2112,asset
2115,musical
2117,prayer
2118,suspect
2119,scholar
2120,warning
2121,climate
2122,cheese
2125,payment
2127,permit
2135,emotion
2136,scream
2141,deeply
2145,lucky
2146,drag
2147,airline
2148,library
2149,agenda
2150,recover
2151,factory
2154,roof
2155,unable
2156,expense
2158,diet
2159,arrest
2160,funding
2161,therapy
2162,wash
2165,brief
2166,housing
2167,post
2173,shout
2175,visual
2176,fairly
2177,chip
2178,violent
2179,silent
2180,suppose
2181,self
2182,bike
2187,layer
2194,widely
2195,wedding
2196,inform
2197,portion
2201,abandon
2202,link
2203,mass
2204,lake
2206,tension
2207,display
2208,leading
2209,bother
2210,consist
2211,alcohol
2212,enable
2213,bend
2214,saving
2217,shall
2218,error
2222,double
2224,sand
2226,rule
2230,passage
2231,formal
2234,album
2236,arrange
2239,reply
2240,cycle
2243,whole
2244,deserve
2250,pose
2251,stream
2253,trust
2254,benefit
2256,grand
2257,mine
2258,hello
2262,resolve
2266,joke
2267,coat
2269,symptom
2270,contact
2273,potato
2276,quote
2278,pass
2280,good
2281,urge
2283,dust
2284,breathe
2285,elect
2287,jacket
2288,glad
2291,rarely
2296,touch
2300,iron
2303,passion
2307,gene
2313,priest
2314,amazing
2315,intense
2316,advance
2318,shock
2319,inspire
2320,adjust
2321,retire
2322,sure
2323,visible
2325,illness
2327,habit
2329,juice
2336,analyze
2338,attach
2342,parking
2344,boss
2347,coach
2350,severe
2351,enhance
2352,mystery
2353,impose
2356,entry
2359,king
2362,still
2364,maker
2365,mood
2369,boot
2370,monitor
2377,digital
2381,usual
2382,anger
2384,heavily
2389,missile
2390,equally
2391,vary
2392,wire
2398,twin
2403,stop
2406,luck
2409,race
2410,clinic
2414,capable
2415,nervous
2416,tourist
2418,toss
2419,crucial
2421,pray
2422,tomato
2424,butter
2425,deficit
2430,ally
2431,journey
2433,mixture
2434,surely
2435,tower
2436,smoke
2438,pure
2443,fellow
2444,smooth
2453,belt
2458,coast
2461,silver
2465,flag
2467,whisper
2470,corn
2471,moon
2472,inner
2473,junior
2474,rather
2475,throat
2476,salary
2482,pretty
2483,crop
2487,plant
2489,anxiety
2490,unlike
2493,resist
2495,embrace
2496,supply
2497,assist
2500,viewer
2503,soon
2511,secure
2512,pink
2515,buck
2517,poem
2519,bind
2520,fifth
2524,testing
2525,stomach
2528,install
2532,recipe
2535,wooden
2537,concert
2539,FALSE
2541,channel
2542,extreme
2543,tube
2544,drawing
2545,protein
2546,quit
2547,absence
2550,rapidly
2551,jail
2554,honest
2556,pace
2558,speaker
2560,essay
2562,giant
2563,cake
2566,restore
2571,origin
2574,quietly
2575,advise
2577,drop
2578,count
2579,depth
2580,wealth
2582,shell
2585,fast
2589,pack
2590,onion
2591,deputy
2592,flat
2593,brand
2594,assure
2596,award
2598,dealer
2601,utility
2603,arise
2604,armed
2606,highway
2608,routine
2610,wage
2612,phrase
2616,dream
2617,fiber
2620,snap
2626,switch
2630,gear
2632,barrier
2636,assign
2637,gang
2639,classic
2642,label
2643,teen
2644,index
2649,heaven
2651,yell
2653,distant
2654,drama
2658,clock
2663,sweep
2666,spin
2668,button
2674,super
2675,yield
2676,fence
2678,paint
2680,roughly
2681,lawsuit
2682,bottom
2684,bunch
2686,wind
2687,found
2688,burden
2689,react
2690,chamber
2693,string
2696,taste
2697,cheek
2698,lost
2699,profile
2703,penalty
2704,match
2707,resort
2711,tissue
2713,pant
2716,cabinet
2717,broken
2718,apple
2720,proceed
2724,virus
2726,dispute
2727,fortune
2732,occupy
2737,wipe
2741,port
2744,genetic
2745,adviser
2748,retain
2749,latter
2755,whereas
2757,though
2759,elite
2761,dirt
2763,rice
2764,bullet
2765,tight
2767,chart
2768,solar
2771,process
2772,square
2776,gently
2782,strip
2786,fiction
2787,detect
2788,balance
2794,senator
2795,market
2796,hunting
2797,salad
2802,remote
2804,journal
2805,bench
2806,lover
2811,general
2812,deck
2814,newly
2816,testify
2817,mode
2819,imply
2821,mutual
2822,founder
2825,pride
2826,dismiss
2829,mainly
2830,bake
2833,finance
2836,respect
2837,diverse
2839,ideal
2841,worth
2843,working
2844,singer
2845,evolve
2847,partly
2848,unknown
2850,offense
2851,counter
2853,smell
2856,thirty
2857,justify
2858,protest
2860,craft
2861,treaty
2863,insight
2864,possess
2869,episode
2871,swim
2873,fault
2874,loose
2875,free
2876,shortly
2879,prior
2883,relax
2887,proof
2890,sudden
2895,hold
2896,shelter
2903,fade
2905,tragedy
2911,spot
2914,squeeze
2918,convert
2923,easy
2925,stable
2928,pretend
2930,elderly
2933,split
2934,violate
2938,steady
2939,vital
2943,oven
2945,segment
2946,nowhere
2947,poet
2948,mere
2951,comfort
2953,stress
2954,adapt
2956,honey
2963,vessel
2964,storage
2967,leather
2971,tribe
2972,shelf
2975,lawn
2977,dining
2978,wisdom
2982,garlic
2984,poetry
2988,doubt
2989,fantasy
2990,scared
2991,guide
2992,plot
2994,gesture
2996,ongoing
2998,since
3000,witness
3001,chapter
3003,divorce
3005,pipe
3007,slight
3008,math
3009,shade
3011,sustain
3012,mount
3014,angle
3015,palm
3016,differ
3017,custom
3018,store
3020,fifteen
3021,soup
3026,satisfy
3027,pile
3028,briefly
3029,carbon
3030,closer
3031,consume
3032,scheme
3035,tobacco
3037,besides
3040,wealthy
3041,galaxy
3042,given
3047,trace
3055,fighter
3056,rapid
3058,hunter
3059,educate
3060,painful
3062,aide
3063,infant
3065,fifty
3067,porch
3069,uniform
3075,qualify
3077,derive
3078,scandal
3080,helpful
3081,impress
3084,privacy
3085,fabric
3087,contest
3090,rifle
3093,trick
3094,organic
3095,tent
3101,myth
3106,asleep
3107,tennis
3108,nerve
3109,barrel
3112,ratio
3113,menu
3119,humor
3120,loud
3121,glove
3128,modest
3132,explode
3134,scope
3136,handful
3137,badly
3138,horizon
3139,curious
3142,prompt
3143,request
3145,absorb
3148,eager
3159,auto
3161,cotton
3162,motor
3164,flavor
3166,float
3167,undergo
3173,assert
3174,blade
3177,print
3178,cabin
3181,edition
3182,valley
3183,yours
3185,pine
3187,versus
3189,risk
3193,chef
3197,suit
3200,appoint
3207,lemon
3208,hungry
3209,sense
3211,wander
3212,submit
3217,legacy
3219,shrug
3221,battery
3222,arrival
3226,cope
3227,flame
3228,cluster
3230,wound
3232,shower
3234,depict
3236,flesh
3237,garage
3241,borrow
3243,comedy
3247,twelve
3248,weekly
3249,habitat
3250,grain
3251,brush
3253,devote
3257,ease
3259,ethics
3262,wise
3263,actress
3264,summit
3265,acid
3266,odds
3267,gifted
3269,medium
3272,grant
3274,shore
3276,lung
3277,firm
3278,running
3283,basket
3288,ugly
3289,worried
3290,portray
3291,powder
3292,ghost
3297,cookie
3298,carrier
3299,cooking
3302,swing
3303,orange
3304,awful
3305,admire
3307,miracle
3308,exceed
3309,rhythm
3312,lovely
3314,charity
3315,script
3316,tactic
3322,venture
3327,piano
3328,grocery
3332,blanket
3333,margin
3336,mouse
3337,rope
3341,chase
3343,brick
3344,recruit
3345,patch
3347,horror
3350,painter
3353,sake
3355,courage
3357,swear
3367,sacred
3369,formula
3372,exact
3373,uncle
3375,captain
3376,sigh
3378,dare
3379,okay
3381,cool
3382,gallery
3383,soccer
3385,tunnel
3386,fitness
3388,grave
3391,virtue
3392,abroad
3395,makeup
3396,inquiry
3402,rail
3404,couch
3408,compose
3410,mess
3411,rank
3412,legend
3415,shine
3416,norm
3417,upset
3419,resign
3420,reward
3421,gentle
3422,related
3423,organ
3424,lightly
3426,invent
3433,ritual
3434,insect
3436,salmon
3438,trading
3439,concern
3442,combat
3443,stem
3444,surgeon
3446,physics
3451,hunt
3454,echo
3455,pill
3456,excited
3461,bitter
3463,slope
3464,rent
3466,serving
3468,greatly
3469,bishop
3471,delay
3475,shop
3477,candy
3478,evil
3481,pleased
3484,sponsor
3485,ethical
3487,slam
3488,export
3490,melt
3493,curve
3495,entitle
3496,evident
3497,logic
3498,essence
3500,exclude
3501,harsh
3502,closet
3504,greet
3505,favor
3509,retail
3510,pitcher
3511,march
3512,snake
3513,pitch
3514,excuse
3522,online
3526,patient
3529,reverse
3530,missing
3537,beef
3540,stretch
3544,elbow
3545,deadly
3550,confuse
3552,monthly
3553,duck
3554,dose
3556,plead
3558,lecture
3560,sixth
3563,suburb
3566,trunk
3567,rumor
3571,render
3575,cloth
3579,enforce
3580,lens
3583,lend
3587,contend
3588,nail
3589,array
3590,strict
3592,frankly
3594,burst
3595,hallway
3596,cave
3599,monster
3600,speed
3607,herb
3610,crystal
3612,wish
3614,written
3615,motive
3624,consult
3625,arena
3626,laugh
3629,forgive
3634,drift
3635,drain
3638,maximum
3640,warrior
3646,hurry
3648,temple
3650,outdoor
3655,leap
3656,random
3657,past
3658,wrist
3659,curtain
3661,pond
3662,domain
3664,cattle
3666,walking
3667,playoff
3669,fiscal
3670,skirt
3671,dump
3672,hence
3677,limb
3679,average
3681,tune
3683,harm
3685,endure
3688,chronic
3691,strain
3692,guitar
3694,behave
3697,dancer
3699,guard
3702,await
3703,retired
3704,trigger
3705,spill
3707,grace
3708,virtual
3710,colony
3712,slide
3714,closed
3715,convict
3717,towel
3718,modify
3721,glance
3722,prize
3723,landing
3726,boost
3728,alarm
3730,grip
3731,weird
3734,sweat
3735,outer
3743,govern
3747,ballot
3750,driving
3751,vitamin
3755,injure
3757,nearby
3758,endless
3759,mandate
3764,chaos
3768,forty
3769,matter
3770,lobby
3772,format
3773,trait
3775,turkey
3777,beam
3784,genuine
3785,thumb
3786,unity
3791,scatter
3793,convey
3797,fork
3798,disk
3799,relieve
3801,lock
3802,finish
3804,shame
3812,suspend
3813,rebel
3814,frozen
3816,spouse
3817,fluid
3818,pension
3819,resume
3821,sodium
3826,rebuild
3827,bounce
3832,click
3835,exit
3839,pickup
3840,carve
3841,needle
3842,belly
3843,ship
3844,scare
3846,shuttle
3848,timing
3850,ankle
3852,rescue
3855,firmly
3856,mild
3857,rider
3858,doll
3859,noon
3860,exhibit
3861,amid
3863,precise
3864,anxious
3870,liberty
3871,poster
3874,crawl
3875,oxygen
3877,magic
3884,donor
3885,hers
3886,pastor
3887,jazz
3888,opera
3897,punish
3899,primary
3900,equity
3902,doorway
3905,teenage
3908,statue
3909,pursuit
3911,decent
3914,clerk
3919,fist
3920,endorse
3923,bath
3925,thereby
3931,purple
3932,laser
3938,program
3939,picture
3941,eating
3944,hint
3945,sharply
3946,parade
3948,realm
3951,cancel
3952,blend
3954,slice
3956,pizza
3959,flip
3961,debate
3962,bias
3965,candle
3966,handle
3967,worry
3969,entity
3972,feel
3973,lamp
3974,garbage
3979,elegant
3980,inside
3982,vanish
3987,confess
3988,racism
3989,starter
3991,banking
3992,casual
3993,gravity
3994,enroll
3998,value
4000,chop
4002,intent
4003,isolate
4004,pump
4008,civic
4009,silk
4011,steep
4015,kiss
4016,alien
4017,dynamic
4018,scary
4020,angel
4023,rage
4025,repair
4034,hidden
4035,command
4036,tender
4040,stumble
4041,lonely
4044,dawn
4046,descend
4047,silly
4050,shared
4052,readily
4055,romance
4057,pillow
4059,cook
4062,seal
4063,circuit
4065,ruling
4068,lately
4069,trap
4070,scan
4071,fool
4073,rear
4075,ranch
4076,coastal
4078,softly
4079,reserve
4080,burning
4081,verbal
4082,tribal
4085,diamond
4087,import
4089,spring
4091,divine
4093,cart
4094,oversee
4096,elder
4101,trailer
4102,mate
4105,genius
4108,quest
4112,juror
4114,broker
4116,loyalty
4117,credit
4121,stiff
4122,output
4123,nominee
4127,slap
4128,toxic
4129,alleged
4131,grief
4133,rocket
4134,donate
4135,inmate
4136,tackle
4139,ours
4140,senior
4141,dignity
4142,carpet
4144,bubble
4146,buddy
4147,barn
4148,sword
4149,flash
4150,seventh
4151,glory
4152,tightly
4154,tuck
4155,drum
4159,dilemma
4160,input
4163,shallow
4167,stadium
4169,bloody
4170,defeat
4174,nest
4179,condemn
4180,steam
4181,accent
4184,unite
4185,cage
4186,equip
4187,shrimp
4190,rack
4191,costume
4192,wolf
4194,statute
4195,cartoon
4202,bless
4205,rock
4206,hostile
4212,vaccine
4213,bonus
4215,mixed
4216,opposed
4217,orbit
4218,grasp
4220,spite
4222,voting
4223,patrol
4229,jewelry
4232,concede
4234,wagon
4237,ruin
4240,immune
4244,bush
4245,exotic
4248,clip
4249,thigh
4250,bull
4251,drawer
4253,sheep
4257,runner
4258,secular
4260,empire
4263,exam
4265,neutral
4266,biology
4283,whoever
4285,verdict
4295,edit
4296,whip
4297,puzzle
4299,subsidy
4300,boil
4301,tragic
4307,pork
4309,safely
4316,sock
4317,near
4319,eleven
4323,bureau
4328,utilize
4329,breeze
4330,costly
4338,object
4342,rolling
4344,spell
4345,insert
4346,booth
4347,helmet
4350,lion
4352,royal
4353,panic
4355,crush
4357,cliff
4358,minimal
4371,casino
4372,tumor
4376,pulse
4378,fixed
4381,diary
4382,sibling
4383,irony
4384,spoon
4385,midst
4386,alley
4389,soap
4390,cute
4391,rival
4393,punch
4395,hockey
4396,passing
4397,persist
4399,known
4401,purse
4402,shed
4404,icon
4412,foster
4413,bicycle
4415,cheat
4418,fever
4419,filter
4420,rabbit
4421,coin
4422,exploit
4427,stay
4429,dried
4430,minimum
4433,shove
4435,charter
4436,stove
4437,consent
4440,alike
4449,outfit
4452,workout
4454,patent
4457,trash
4461,hormone
4462,texture
4464,pencil
4467,spray
4470,custody
4471,banker
4475,case
4476,eighth
4478,outline
4482,uncover
4483,behalf
4485,shark
4487,mill
4493,fleet
4494,catalog
4498,stance
4499,compel
4501,someday
4503,debut
4506,hike
4512,trainer
4515,stack
4516,eyebrow
4517,sack
4518,cease
4519,inherit
4520,tray
4521,pioneer
4526,shrink
4530,wheat
4531,fierce
4534,kingdom
4536,weaken
4539,vocal
4541,openly
4542,unfair
4543,terrain
4544,deploy
4545,risky
4546,pasta
4547,genre
4549,merit
4550,planner
4552,chunk
4553,closest
4556,ladder
4557,jungle
4560,invade
4568,density
4571,skip
4575,robot
4576,flood
4581,feather
4582,sphere
4583,tighten
4584,boast
4590,unfold
4596,partial
4597,collar
4600,streak
4602,added
4603,builder
4604,glimpse
4605,premise
4607,deem
4609,sneak
4610,monkey
4611,mentor
4615,legally
4616,sleeve
4618,disturb
4622,debris
4625,logical
4629,parish
4630,slavery
4631,blank
4633,cure
4634,mineral
4635,hunger
4636,dying
4638,faster
4639,spare
4640,halfway
4646,fame
4647,regret
4650,carrot
4651,atop
4656,cling
4658,blink
4661,squad
4664,plunge
4667,grin
4671,chill
4672,refuge
4673,steer
4675,rally
4677,cheer
4678,outlet
4679,intact
4680,vendor
4681,thrive
4682,peanut
4683,chew
4687,auction
4689,comply
4690,triumph
4698,scratch
4699,awake
4713,bulk
4718,patron
4721,liver
4722,harmony
4723,solely
4725,instant
4726,goat
4729,banana
4731,palace
4733,peasant
4734,neat
4739,mobile
4741,part
4743,widow
4745,beard
4749,impulse
4750,forbid
4752,brutal
4754,poke
4757,trouble
4758,valid
4759,forum
4760,dancing
4761,happily
4763,removal
4765,enact
4766,round
4767,thread
4768,light
4770,unhappy
4772,coming
4776,tourism
4778,calm
4781,remark
4783,straw
4786,exhaust
4787,globe
4788,fragile
4792,crowded
4793,circle
4794,blast
4795,prevail
4797,denial
4798,rental
4801,level
4803,warmth
4805,liquid
4812,mention
4814,drill
4815,cruel
4816,mansion
4818,grape
4820,cottage
4822,charm
4824,loyal
4825,clay
4826,pound
4827,balloon
4832,disc
4833,sofa
4836,radar
4837,frown
4838,regain
4839,leave
4841,sweater
4843,rubber
4844,retreat
4846,freely
4849,veteran
4854,premium
4859,update
4860,spark
4862,fatigue
4863,beyond
4865,marker
4867,preach
4868,bucket
4870,blond
4872,provoke
4873,marble
4875,twist
4884,mutter
4886,depart
4887,arrow
4888,trauma
4890,soak
4891,ribbon
4902,slot
4903,riot
4908,ridge
4909,brave
4911,specify
4914,crowd
4917,transit
4918,dense
4919,seminar
4921,sunny
4922,shorts
4923,swell
4925,soften
4931,bride
4933,hazard
4935,seldom
4936,tile
4946,delight
4947,weave
4948,timber
4951,plea
4952,bulb
4953,copy
4954,flying
4957,bolt
4958,cargo
4959,spine
4960,seller
4961,skilled
4964,marine
4965,dock
4969,boring
4971,summary
4974,fatal
4975,trim
4979,bronze
4980,drown
4985,harvest
4986,kneel
4987,vacuum
4989,dictate
4992,laundry
4993,manual
4999,apology
5000,till
